location,iso_code,vaccines,last_observation_date,source_name,source_website
Afghanistan,AFG,"Oxford/AstraZeneca, Pfizer/BioNTech, Sinopharm/Beijing",2021-05-11,World Health Organization,https://covid19.who.int/
Albania,ALB,"Oxford/AstraZeneca, Pfizer/BioNTech, Sinovac, Sputnik V",2021-05-12,Ministry of Health,https://shendetesia.gov.al/vaksinimi-anticovid-kryhen-632676-vaksinime/
Algeria,DZA,Sputnik V,2021-02-19,Ministry of Health,https://www.echoroukonline.com/%d9%84%d9%82%d8%a7%d8%ad-%d9%83%d9%88%d8%b1%d9%88%d9%86%d8%a7-%d8%b9%d8%b6%d9%88-%d8%a8%d8%a7%d9%84%d9%84%d8%ac%d9%86%d8%a9-%d8%a7%d9%84%d8%b9%d9%84%d9%85%d9%8a%d8%a9-%d9%8a%d9%83%d8%b4%d9%81-%d8%b9/
Andorra,AND,"Oxford/AstraZeneca, Pfizer/BioNTech",2021-05-10,Government of Andorra,https://www.govern.ad/covid19_newsletter/
Angola,AGO,Oxford/AstraZeneca,2021-05-12,World Health Organization,https://covid19.who.int/
Anguilla,AIA,Oxford/AstraZeneca,2021-04-22,Ministry of Health,https://www.travelpulse.com/news/impacting-travel/new-covid-19-case-prompts-14-day-anguilla-closure.html
Antigua and Barbuda,ATG,Oxford/AstraZeneca,2021-05-11,Ministry of Health,https://www.facebook.com/investingforwellness/photos/pcb.1163324580774181/1163324470774192/
Argentina,ARG,"Oxford/AstraZeneca, Sinopharm/Beijing, Sputnik V",2021-05-13,Ministry of Health,http://datos.salud.gob.ar/dataset/vacunas-contra-covid-19-dosis-aplicadas-en-la-republica-argentina
Armenia,ARM,Sputnik V,2021-05-11,Ministry of Health,https://arminfo.info/full_news.php?id=62520&lang=3
Aruba,ABW,Pfizer/BioNTech,2021-05-13,Government of Aruba,https://www.government.aw
Australia,AUS,"Oxford/AstraZeneca, Pfizer/BioNTech",2021-05-13,Government of Australia via covidlive.com.au,https://covidlive.com.au/vaccinations
Austria,AUT,"Johnson&Johnson, Moderna, Oxford/AstraZeneca, Pfizer/BioNTech",2021-05-13,Ministry of Health,https://info.gesundheitsministerium.gv.at/opendata/
Azerbaijan,AZE,"Oxford/AstraZeneca, Sinovac",2021-05-13,Government of Azerbaijan,https://koronavirusinfo.az
Bahamas,BHS,Oxford/AstraZeneca,2021-05-09,Government of the Bahamas,https://www.facebook.com/opmbs/photos/pcb.809920193063293/809919689730010
Bahrain,BHR,"Oxford/AstraZeneca, Pfizer/BioNTech, Sinopharm/Beijing, Sputnik V",2021-05-13,Ministry of Health,https://healthalert.gov.bh/en/
Bangladesh,BGD,Oxford/AstraZeneca,2021-05-09,Directorate General of Health Services,https://dghs.gov.bd/images/docs/vpr/Covid-19-Vaccination-Update-9-5-2021.pdf
Barbados,BRB,Oxford/AstraZeneca,2021-05-11,Ministry of Health,https://www.facebook.com/moh.barbados/photos/a.768944336470972/4194179530614085/
Belarus,BLR,Sputnik V,2021-04-23,Ministry of Health,https://eng.belta.by/society/view/belarus-covid-19-update-1735-new-cases-1733-recoveries-139354-2021/
Belgium,BEL,"Johnson&Johnson, Moderna, Oxford/AstraZeneca, Pfizer/BioNTech",2021-05-13,Sciensano,https://epistat.wiv-isp.be/covid/
Belize,BLZ,Oxford/AstraZeneca,2021-05-12,Ministry of Health,https://www.facebook.com/Belizehealth/photos/a.1410495949248816/2683849408580124/
Benin,BEN,"Oxford/AstraZeneca, Sinovac",2021-05-12,World Health Organization,https://covid19.who.int/
Bermuda,BMU,Pfizer/BioNTech,2021-05-12,Government of Bermuda,https://bernews.com/2021/05/62161-total-covid-19-vaccinations-administered/
Bhutan,BTN,Oxford/AstraZeneca,2021-05-13,Ministry of Health,https://www.facebook.com/MoHBhutan/photos/a.999012646827018/4159342174127367/
Bolivia,BOL,"Oxford/AstraZeneca, Pfizer/BioNTech, Sinopharm/Beijing, Sputnik V",2021-05-12,Ministry of Health,https://www.boliviasegura.gob.bo/index.php/category/estadistica/
Bonaire Sint Eustatius and Saba,BES,"Moderna, Pfizer/BioNTech",2021-04-09,World Health Organization,https://covid19.who.int/
Bosnia and Herzegovina,BIH,"Oxford/AstraZeneca, Pfizer/BioNTech, Sinovac, Sputnik V",2021-04-27,Public Health Institute,https://www.klix.ba/vijesti/bih/kanton-sarajevo-ima-najveci-broj-vakcinisanih-u-odnosu-na-ostatak-federacije-bih/210501073
Botswana,BWA,Oxford/AstraZeneca,2021-05-07,Ministry of Health and Wellness,https://www.facebook.com/BotswanaGovernment/photos/a.617504571665538/3990445667704728/
Brazil,BRA,"Oxford/AstraZeneca, Pfizer/BioNTech, Sinovac",2021-05-13,Ministry of Health,https://qsprod.saude.gov.br/extensions/DEMAS_C19Vacina/DEMAS_C19Vacina.html
Brunei,BRN,Oxford/AstraZeneca,2021-05-05,Ministry of Health,https://www.thestar.com.my/aseanplus/aseanplus-news/2021/05/05/brunei-over-15000-inoculated-under-vaccination-programme-new-covid-19-cases-reported
Bulgaria,BGR,"Johnson&Johnson, Moderna, Oxford/AstraZeneca, Pfizer/BioNTech",2021-05-13,Ministry of Health,https://coronavirus.bg/bg/statistika
Cambodia,KHM,"Oxford/AstraZeneca, Sinopharm/Beijing, Sinovac",2021-05-13,Ministry of Health,https://www.facebook.com/MinistryofHealthofCambodia/posts/4025947244111018
Cameroon,CMR,Sinopharm/Beijing,2021-04-29,Medical Council,https://www.journalducameroun.com/en/cameroon-over-11000-already-vaccinated-against-covid-19/
Canada,CAN,"Moderna, Oxford/AstraZeneca, Pfizer/BioNTech",2021-05-13,Official data from provinces via covid19tracker.ca,https://covid19tracker.ca/vaccinationtracker.html
Cape Verde,CPV,"Oxford/AstraZeneca, Pfizer/BioNTech",2021-05-12,World Health Organization,https://covid19.who.int/
Cayman Islands,CYM,"Oxford/AstraZeneca, Pfizer/BioNTech",2021-05-13,Cayman Islands Government,https://www.exploregov.ky/coronavirus-statistics
Central African Republic,CAF,"Covaxin, Oxford/AstraZeneca",2021-05-12,World Health Organization,https://covid19.who.int/
Chile,CHL,"Oxford/AstraZeneca, Pfizer/BioNTech, Sinovac",2021-05-12,Department of Statistics and Health Information,https://www.gob.cl/yomevacuno/
China,CHN,"Sinopharm/Beijing, Sinopharm/Wuhan, Sinovac",2021-05-13,National Health Commission,http://www.nhc.gov.cn/xcs/yqjzqk/202105/3d1e04af70e54341a44242c6dc607115.shtml
Colombia,COL,"Oxford/AstraZeneca, Pfizer/BioNTech, Sinovac",2021-05-12,Ministry of Health,https://www.minsalud.gov.co/salud/publica/Vacunacion/PublishingImages/Vacunas%20covid/120521_post_vacunas_covid.jpg
Comoros,COM,"Covaxin, Oxford/AstraZeneca, Sinopharm/Beijing",2021-05-12,World Health Organization,https://covid19.who.int/
Congo,COG,"Moderna, Oxford/AstraZeneca, Sinopharm/Beijing, Sputnik V",2021-05-12,World Health Organization,https://covid19.who.int/
Costa Rica,CRI,"Oxford/AstraZeneca, Pfizer/BioNTech",2021-05-10,Costa Rican Social Security Fund,https://www.ccss.sa.cr/web/coronavirus/vacunacion
Cote d'Ivoire,CIV,Oxford/AstraZeneca,2021-05-12,Ministry of Health and Public Hygiene,https://www.facebook.com/mshpcmu/posts/1900322076800144
Croatia,HRV,"Moderna, Oxford/AstraZeneca, Pfizer/BioNTech",2021-05-13,Ministry of Health,https://www.koronavirus.hr/najnovije/926-novih-slucajeva-u-protekla-24-sata-u-bolnicama-ukupno-1-752-osobe/35
Cuba,CUB,Abdala,2021-05-12,Ministry of Health,https://salud.msp.gob.cu/comenzo-satisfactoriamente-intervencion-sanitaria-en-grupos-de-riesgo-y-territorios-del-pais/
Curacao,CUW,"Moderna, Pfizer/BioNTech",2021-05-13,Government of Curacao,https://bakuna.cw/
Cyprus,CYP,"Johnson&Johnson, Oxford/AstraZeneca, Pfizer/BioNTech",2021-05-12,Ministry of Health,https://www.moh.gov.cy/moh/moh.nsf/All/0EFA027144C9E54AC22586BE0032B2F5
Czechia,CZE,"Johnson&Johnson, Moderna, Oxford/AstraZeneca, Pfizer/BioNTech",2021-05-13,Ministry of Health,https://onemocneni-aktualne.mzcr.cz/covid-19
Democratic Republic of Congo,COD,Oxford/AstraZeneca,2021-04-25,Ministry of Health,https://www.theeastafrican.co.ke/tea/rest-of-africa/drc-to-return-vaccines-3380784
Denmark,DNK,"Moderna, Pfizer/BioNTech",2021-05-12,Statens Serum Institute,https://covid19.ssi.dk/overvagningsdata/vaccinationstilslutning
Djibouti,DJI,"Oxford/AstraZeneca, Sinopharm/Beijing, Sputnik V",2021-04-28,World Health Organization,https://covid19.who.int/
Dominica,DMA,Oxford/AstraZeneca,2021-05-12,Government of Dominica,https://www.facebook.com/MinistryOfHealthDominica/photos/a.105730227736978/312155220427810/
Dominican Republic,DOM,"Oxford/AstraZeneca, Sinopharm/Beijing, Sinovac",2021-05-12,Ministry of Public Health,https://vacunate.gob.do/
Ecuador,ECU,"Oxford/AstraZeneca, Pfizer/BioNTech, Sinovac",2021-05-11,Government of Ecuador via Ecuacovid,https://github.com/andrab/ecuacovid
Egypt,EGY,"Oxford/AstraZeneca, Sinopharm/Beijing, Sinovac, Sputnik V",2021-05-11,World Health Organization,https://covid19.who.int/
El Salvador,SLV,"Oxford/AstraZeneca, Pfizer/BioNTech, Sinovac",2021-05-13,Ministry of Health,https://covid19.gob.sv/
England,OWID_ENG,"Moderna, Oxford/AstraZeneca, Pfizer/BioNTech",2021-05-12,Government of the United Kingdom,https://coronavirus.data.gov.uk/details/healthcare
Equatorial Guinea,GNQ,Sinopharm/Beijing,2021-04-28,Ministry of Health,https://guineasalud.org/estadisticas/
Estonia,EST,"Moderna, Oxford/AstraZeneca, Pfizer/BioNTech",2021-05-13,National Health Board,https://opendata.digilugu.ee
Eswatini,SWZ,Oxford/AstraZeneca,2021-05-13,Government of Eswatini,https://twitter.com/EswatiniGovern1/status/1392874186671075331/photo/1
Ethiopia,ETH,Oxford/AstraZeneca,2021-05-13,Ministry of Health,https://twitter.com/FMoHealth/status/1392905764352765955?s=20
Faeroe Islands,FRO,"Moderna, Pfizer/BioNTech",2021-05-13,Government of the Faeroe Islands,https://corona.fo/api
Falkland Islands,FLK,Oxford/AstraZeneca,2021-04-14,Government of the Falkland Islands,https://www.facebook.com/FalkIandsGov/posts/4401230323224594
Fiji,FJI,Oxford/AstraZeneca,2021-05-11,SPC Public Health Division,https://stats.pacificdata.org/vis?tm=covid&pg=0&df[ds]=SPC2&df[id]=DF_COVID_VACCINATION&df[ag]=SPC&df[vs]=1.0
Finland,FIN,"Moderna, Oxford/AstraZeneca, Pfizer/BioNTech",2021-05-13,Finnish Institute for Health and Welfare,https://sampo.thl.fi/pivot/prod/en/vaccreg/cov19cov/fact_cov19cov?column=measure-533185.533172.433796.533175&row=cov_vac_dose-533174L
France,FRA,"Johnson&Johnson, Moderna, Oxford/AstraZeneca, Pfizer/BioNTech",2021-05-12,Public Health France,https://www.data.gouv.fr/fr/datasets/donnees-relatives-aux-personnes-vaccinees-contre-la-covid-19-1/
French Polynesia,PYF,Oxford/AstraZeneca,2021-05-11,SPC Public Health Division,https://stats.pacificdata.org/vis?tm=covid&pg=0&df[ds]=SPC2&df[id]=DF_COVID_VACCINATION&df[ag]=SPC&df[vs]=1.0
Gabon,GAB,Sinopharm/Beijing,2021-04-30,Ministry of Health,https://twitter.com/SanteGOUVGA/status/1388227423867637762
Gambia,GMB,Oxford/AstraZeneca,2021-05-06,Ministry of Health,https://twitter.com/MoHCovid19GMB/status/1391508938978381826/photo/1
Georgia,GEO,Oxford/AstraZeneca,2021-05-13,Government of Georgia,https://www.facebook.com/ncdcgeorgia/photos/a.126526410768631/3989701117784455/
Germany,DEU,"Johnson&Johnson, Moderna, Oxford/AstraZeneca, Pfizer/BioNTech",2021-05-13,Robert Koch Institut,https://impfdashboard.de/
Ghana,GHA,Oxford/AstraZeneca,2021-05-07,Government of Ghana,https://www.ghanahealthservice.org/covid19/press-releases.php
Gibraltar,GIB,Pfizer/BioNTech,2021-05-07,Government of Gibraltar,https://twitter.com/GibraltarGov/status/1390980520700428288
Greece,GRC,"Moderna, Oxford/AstraZeneca, Pfizer/BioNTech",2021-05-13,Ministry of Health,https://www.data.gov.gr/datasets/mdg_emvolio/
Greenland,GRL,Pfizer/BioNTech,2021-05-12,Government of Greenland,https://corona.nun.gl/emner/statistik/antal_vaccinerede
Grenada,GRD,Oxford/AstraZeneca,2021-05-11,Government of Grenada,https://www.facebook.com/HealthGrenada/photos/a.570448523487244/1012889499243142/
Guatemala,GTM,"Moderna, Oxford/AstraZeneca",2021-05-12,Ministry of Health,https://gtmvigilanciacovid.shinyapps.io/3869aac0fb95d6baf2c80f19f2da5f98
Guernsey,GGY,"Moderna, Oxford/AstraZeneca, Pfizer/BioNTech",2021-05-13,Government of Guernsey,https://covid19.gov.gg/guidance/vaccine/stats
Guinea,GIN,Sputnik V,2021-05-11,National Health Security Agency,https://twitter.com/anss_guinee/status/1392380738234892288
Guinea-Bissau,GNB,"Oxford/AstraZeneca, Sinopharm/Beijing",2021-05-12,World Health Organization,https://covid19.who.int/
Guyana,GUY,Oxford/AstraZeneca,2021-05-06,Ministry of Health,https://www.facebook.com/mohguyana/photos/a.1505704143066460/2599199210383609/
Honduras,HND,"Moderna, Oxford/AstraZeneca",2021-04-09,Government of Honduras,https://proceso.hn/honduras-a-la-zaga-en-vacunacion-en-ca/
Hong Kong,HKG,"Pfizer/BioNTech, Sinovac",2021-05-13,Government of Hong Kong,https://www.covidvaccine.gov.hk/en/dashboard
Hungary,HUN,"Moderna, Oxford/AstraZeneca, Pfizer/BioNTech, Sinopharm/Beijing, Sputnik V",2021-05-13,Government of Hungary,https://koronavirus.gov.hu/cikkek/4-millio-483-ezer-beoltott-1190-az-uj-fertozott-elhunyt-71-beteg
Iceland,ISL,"Moderna, Oxford/AstraZeneca, Pfizer/BioNTech",2021-05-12,Directorate of Health,https://www.covid.is/tolulegar-upplysingar-boluefni
India,IND,"Covaxin, Oxford/AstraZeneca",2021-05-13,Government of India,https://dashboard.cowin.gov.in/
Indonesia,IDN,"Oxford/AstraZeneca, Sinovac",2021-05-13,Ministry of Health,https://vaksin.kemkes.go.id/#/vaccines
Iran,IRN,"Covaxin, Oxford/AstraZeneca, Sinopharm/Beijing, Sputnik V",2021-05-10,World Health Organization,https://covid19.who.int/
Iraq,IRQ,"Oxford/AstraZeneca, Sinopharm/Beijing",2021-05-11,Ministry of Health,https://www.nrttv.com/En/News.aspx?id=27954&MapID=2
Ireland,IRL,"Johnson&Johnson, Moderna, Oxford/AstraZeneca, Pfizer/BioNTech",2021-05-11,Heath Service Executive,https://covid19ireland-geohive.hub.arcgis.com/
Isle of Man,IMN,"Oxford/AstraZeneca, Pfizer/BioNTech",2021-05-12,Isle of Man Government,https://covid19.gov.im/general-information/covid-19-vaccination-statistics/
Israel,ISR,"Moderna, Pfizer/BioNTech",2021-05-13,Government of Israel,https://datadashboard.health.gov.il/COVID-19/general
Italy,ITA,"Johnson&Johnson, Moderna, Oxford/AstraZeneca, Pfizer/BioNTech",2021-05-13,Extraordinary commissioner for the Covid-19 emergency,https://raw.githubusercontent.com/italia/covid19-opendata-vaccini/master/dati/somministrazioni-vaccini-latest.csv
Jamaica,JAM,Oxford/AstraZeneca,2021-04-13,Government of Jamaica,http://jamaica-gleaner.com/article/lead-stories/20210415/vaxxed-max
Japan,JPN,Pfizer/BioNTech,2021-05-13,Prime Minister's Office,https://www.kantei.go.jp/jp/headline/kansensho/vaccine.html
Jersey,JEY,"Oxford/AstraZeneca, Pfizer/BioNTech",2021-05-02,Government of Jersey,https://www.gov.je/Datasets/ListOpenData?ListName=COVID19Weekly&clean=true
Jordan,JOR,"Pfizer/BioNTech, Sinopharm/Beijing",2021-05-04,Government of Jordan,https://www.facebook.com/ncscmjordan/photos/a.388629101483029/1436628866683042
Kazakhstan,KAZ,Sputnik V,2021-05-11,Government of Kazakhstan,https://www.coronavirus2020.kz/
Kenya,KEN,"Oxford/AstraZeneca, Sputnik V",2021-05-13,Ministry of Health,https://twitter.com/MOH_Kenya/status/1392880577544691713/photo/1
Kosovo,OWID_KOS,Oxford/AstraZeneca,2021-04-23,Ministry of Health,https://www.facebook.com/Ministria.Shendetesise.RKS/posts/1973327486158162
Kuwait,KWT,Pfizer/BioNTech,2021-05-06,Ministry of Health,https://twitter.com/aljarida/status/1390363657381494784?s=20
Kyrgyzstan,KGZ,"Sinopharm/Beijing, Sputnik V",2021-05-11,Ministry of Health,http://www.xinhuanet.com/english/asiapacific/2021-05/11/c_139938939.htm
Laos,LAO,"Sinopharm/Beijing, Sputnik V",2021-05-13,Government of Laos,https://www.facebook.com/CIEH.MoH.Lao/photos/a.1580136645344357/4243636912327637/
Latvia,LVA,"Johnson&Johnson, Moderna, Oxford/AstraZeneca, Pfizer/BioNTech",2021-05-13,National Health Service,https://data.gov.lv/dati/eng/dataset/covid19-vakcinacijas
Lebanon,LBN,"Oxford/AstraZeneca, Pfizer/BioNTech, Sinopharm/Beijing, Sputnik V",2021-05-06,Government of Lebanon,https://impact.cib.gov.lb/home/dashboard/vaccine
Lesotho,LSO,Oxford/AstraZeneca,2021-04-17,World Health Organization,https://news.un.org/en/story/2021/04/1089792
Liberia,LBR,Oxford/AstraZeneca,2021-05-12,World Health Organization,https://covid19.who.int/
Libya,LBY,"Johnson&Johnson, Moderna, Oxford/AstraZeneca, Pfizer/BioNTech, Sputnik V",2021-05-10,World Health Organization,https://covid19.who.int/
Liechtenstein,LIE,"Moderna, Pfizer/BioNTech",2021-05-09,Federal Office of Public Health,https://www.covid19.admin.ch/en/epidemiologic/vacc-doses?detGeo=FL
Lithuania,LTU,"Johnson&Johnson, Moderna, Oxford/AstraZeneca, Pfizer/BioNTech",2021-05-13,Ministry of Health,https://experience.arcgis.com/experience/cab84dcfe0464c2a8050a78f817924ca/page/page_3/
Luxembourg,LUX,"Moderna, Oxford/AstraZeneca, Pfizer/BioNTech",2021-05-11,Government of Luxembourg,https://data.public.lu/fr/datasets/r/186f1ea8-9cbc-4904-8734-6134cb8f1958
Macao,MAC,"Pfizer/BioNTech, Sinopharm/Beijing",2021-05-13,Government of Macao,https://www.gov.mo/zh-hant/news/381644/
Madagascar,MDG,Oxford/AstraZeneca,2021-05-12,World Health Organization,https://covid19.who.int/
Malawi,MWI,Oxford/AstraZeneca,2021-05-13,Ministry of Health,https://twitter.com/health_malawi/status/1392861109355487233
Malaysia,MYS,"Oxford/AstraZeneca, Pfizer/BioNTech, Sinovac",2021-05-12,Government of Malaysia,https://www.vaksincovid.gov.my/statistik/
Maldives,MDV,"Oxford/AstraZeneca, Pfizer/BioNTech, Sinopharm/Beijing",2021-05-11,Presidency of the Maldives,https://twitter.com/HPA_MV/status/1392535851821793285
Mali,MLI,Oxford/AstraZeneca,2021-04-25,Ministry of Health,https://www.facebook.com/msdsmali1/posts/2963098517252980?__cft__[0]=AZUvGx7hQwWiO1MLPYRMMzdU7dw5pnzmACTNpF1x5bXxOTankakP9VEi50sdOsNOJDJIk9YcEzkgAnhwE72Peie0olqS3CwTrLjs5Lu3va9PH4X8ONLarXrtex3zOa7sU5o0S8T4z3R1MGc4UZGzQ2HV3u2izwmMV3alrH2Dws1eyQ&__tn__=%2CO%2CP-R
Malta,MLT,"Moderna, Oxford/AstraZeneca, Pfizer/BioNTech",2021-05-12,COVID-19 Malta Public Health Response Team,https://github.com/COVID19-Malta/COVID19-Cases
Mauritania,MRT,Sinopharm/Beijing,2021-04-18,Ministry of Health,https://www.sante.gov.mr/wp-content/uploads/2021/04/Mauritania-COVID-19-Situation-Report-2021-04-18FR.pdf
Mauritius,MUS,"Covaxin, Oxford/AstraZeneca, Sinopharm/Beijing",2021-05-12,World Health Organization,https://covid19.who.int/
Mexico,MEX,"CanSino, Oxford/AstraZeneca, Pfizer/BioNTech, Sinovac, Sputnik V",2021-05-12,Secretary of Health,https://www.gob.mx/salud/prensa/version-estenografica-conferencia-de-prensa-informe-diario-sobre-coronavirus-covid-19-en-mexico-272119
Moldova,MDA,"Oxford/AstraZeneca, Pfizer/BioNTech, Sinopharm/Beijing, Sputnik V",2021-05-13,Ministry of Health,https://vaccinare.gov.md/
Monaco,MCO,Pfizer/BioNTech,2021-05-06,National Council,https://www.gouv.mc/Action-Gouvernementale/Coronavirus-Covid-19/Actualites/Covid-19-2-nouveaux-cas-positifs-et-5-guerisons-ce-vendredi-7-mai
Mongolia,MNG,"Oxford/AstraZeneca, Pfizer/BioNTech, Sinopharm/Beijing, Sputnik V",2021-05-13,Ministry of Health via ikon.mn,https://ikon.mn/
Montenegro,MNE,"Oxford/AstraZeneca, Pfizer/BioNTech, Sinopharm/Beijing, Sputnik V",2021-05-13,Government of Montenegro,https://www.covidodgovor.me/
Montserrat,MSR,Oxford/AstraZeneca,2021-04-21,Government of Montserrat,https://www.facebook.com/GIUMontserrat/posts/882138232345520
Morocco,MAR,"Oxford/AstraZeneca, Sinopharm/Beijing",2021-05-12,Ministry of Health,http://www.covidmaroc.ma/pages/Accueilfr.aspx
Mozambique,MOZ,"Oxford/AstraZeneca, Sinopharm/Beijing",2021-05-12,World Health Organization,https://covid19.who.int/
Myanmar,MMR,Oxford/AstraZeneca,2021-05-04,Ministry of Health,https://www.rfa.org/english/news/myanmar/third-wave-05042021205514.html
Namibia,NAM,"Oxford/AstraZeneca, Sinopharm/Beijing",2021-05-07,Ministry of Health and Social Services,https://www.facebook.com/MoHSSNamibia/photos/pcb.742603503079322/742603433079329
Nauru,NRU,Oxford/AstraZeneca,2021-04-30,SPC Public Health Division,http://www.naurugov.nr/government-information-office/gio-notices/coronavirus-update-by-his-excellency-president-lionel-aingimea.aspx
Nepal,NPL,"Oxford/AstraZeneca, Sinopharm/Beijing",2021-05-07,Government of Nepal,https://covid19.mohp.gov.np/covid/englishSituationReport/609523cf67ce3_SitRep453_COVID-19_7-05-2021_EN.pdf
Netherlands,NLD,"Johnson&Johnson, Moderna, Oxford/AstraZeneca, Pfizer/BioNTech",2021-05-13,RIVM via European CDC,https://www.ecdc.europa.eu/en/publications-data/data-covid-19-vaccination-eu-eea
New Caledonia,NCL,Oxford/AstraZeneca,2021-05-11,SPC Public Health Division,https://stats.pacificdata.org/vis?tm=covid&pg=0&df[ds]=SPC2&df[id]=DF_COVID_VACCINATION&df[ag]=SPC&df[vs]=1.0
New Zealand,NZL,Pfizer/BioNTech,2021-05-11,Ministry of Health,https://www.health.govt.nz/our-work/diseases-and-conditions/covid-19-novel-coronavirus/covid-19-data-and-statistics/covid-19-vaccine-data
Nicaragua,NIC,"Oxford/AstraZeneca, Sputnik V",2021-05-07,World Health Organization,https://covid19.who.int/
Niger,NER,"Oxford/AstraZeneca, Sinopharm/Beijing",2021-05-12,World Health Organization,https://covid19.who.int/
Nigeria,NGA,Oxford/AstraZeneca,2021-05-12,Government of Nigeria,https://twitter.com/NphcdaNG/status/1392570900256538624
North Macedonia,MKD,"Oxford/AstraZeneca, Pfizer/BioNTech, Sinopharm/Beijing, Sputnik V",2021-05-12,Government of North Macedonia,https://www.facebook.com/filipce.venko/posts/2685975445042805
Northern Cyprus,OWID_CYN,"Oxford/AstraZeneca, Pfizer/BioNTech, Sinovac",2021-05-11,Ministry of Health,https://asibilgisistemi.com/
Northern Ireland,OWID_NIR,"Moderna, Oxford/AstraZeneca, Pfizer/BioNTech",2021-05-12,Government of the United Kingdom,https://coronavirus.data.gov.uk/details/healthcare
Norway,NOR,"Moderna, Oxford/AstraZeneca, Pfizer/BioNTech",2021-05-12,Norwegian Institute of Public Health,https://www.fhi.no/sv/vaksine/koronavaksinasjonsprogrammet/koronavaksinasjonsstatistikk/
Oman,OMN,"Oxford/AstraZeneca, Pfizer/BioNTech",2021-05-05,Ministry of Health,https://twitter.com/OmaniMOH/status/1389887384330948608/photo/1
Pakistan,PAK,"CanSino, Sinopharm/Beijing, Sinovac, Sputnik V",2021-05-13,National Command and Operation Centre,https://ncoc.gov.pk/covid-vaccination-en.php
Palestine,PSE,"Moderna, Oxford/AstraZeneca, Pfizer/BioNTech",2021-05-12,Ministry of Health,https://www.facebook.com/mohps/posts/3799508976841619
Panama,PAN,"Oxford/AstraZeneca, Pfizer/BioNTech",2021-05-12,Ministry of Health,https://twitter.com/MINSAPma/status/1392621192981397513
Papua New Guinea,PNG,Oxford/AstraZeneca,2021-05-11,SPC Public Health Division,https://stats.pacificdata.org/vis?tm=covid&pg=0&df[ds]=SPC2&df[id]=DF_COVID_VACCINATION&df[ag]=SPC&df[vs]=1.0
Paraguay,PRY,Sputnik V,2021-05-10,Government of Paraguay,https://www.vacunate.gov.py/index-listado-vacunados.html
Peru,PER,"Oxford/AstraZeneca, Pfizer/BioNTech, Sinopharm/Beijing",2021-05-12,Ministry of Health,https://www.datosabiertos.gob.pe/dataset/vacunaci%C3%B3n-contra-covid-19-ministerio-de-salud-minsa
Philippines,PHL,"Oxford/AstraZeneca, Sinovac, Sputnik V",2021-05-11,Government of the Philippines,https://www.covid19.gov.ph/
Poland,POL,"Johnson&Johnson, Moderna, Oxford/AstraZeneca, Pfizer/BioNTech",2021-05-13,Ministry of Health,https://www.gov.pl/web/szczepimysie/raport-szczepien-przeciwko-covid-19
Portugal,PRT,"Moderna, Oxford/AstraZeneca, Pfizer/BioNTech",2021-05-13,Directorate General for Health via Data Science for Social Good,https://github.com/dssg-pt/covid19pt-data
Qatar,QAT,Pfizer/BioNTech,2021-05-13,Ministry of Public Health,https://covid19.moph.gov.qa/EN/Pages/Vaccination-Program-Data.aspx
Romania,ROU,"Johnson&Johnson, Moderna, Oxford/AstraZeneca, Pfizer/BioNTech",2021-05-12,Government of Romania,https://datelazi.ro/
Russia,RUS,"EpiVacCorona, Sputnik V",2021-05-13,Official data from local governments via gogov.ru,https://gogov.ru/articles/covid-v-stats
Rwanda,RWA,"Moderna, Oxford/AstraZeneca, Pfizer/BioNTech",2021-05-07,Ministry of Health,https://twitter.com/RwandaHealth/status/1390777126803156992/photo/1
Saint Helena,SHN,Oxford/AstraZeneca,2021-04-24,Government of Saint Helena,https://www.sainthelena.gov.sh/2021/news/preliminary-data-from-the-covid-19-vaccination-programme/
Saint Kitts and Nevis,KNA,Oxford/AstraZeneca,2021-05-12,Government of Saint Kitts and Nevis,https://www.facebook.com/StKittsHPU/photos/a.158729094910938/914012946049212
Saint Lucia,LCA,Oxford/AstraZeneca,2021-05-13,Ministry of Health,https://www.covid19response.lc/
Saint Vincent and the Grenadines,VCT,Oxford/AstraZeneca,2021-05-12,Ministry of Health,https://www.facebook.com/SVGHEALTH/photos/a.460089407384821/4478648898862165/
Samoa,WSM,Oxford/AstraZeneca,2021-05-11,SPC Public Health Division,https://stats.pacificdata.org/vis?tm=covid&pg=0&df[ds]=SPC2&df[id]=DF_COVID_VACCINATION&df[ag]=SPC&df[vs]=1.0
San Marino,SMR,"Pfizer/BioNTech, Sputnik V",2021-05-12,Social Security Institute,https://vaccinocovid.iss.sm/
Sao Tome and Principe,STP,Oxford/AstraZeneca,2021-03-29,Ministry of Health,https://www.facebook.com/MSaudeSTeP/photos/pcb.3764121173707955/3764120233708049
Saudi Arabia,SAU,"Oxford/AstraZeneca, Pfizer/BioNTech",2021-05-13,Saudi Health Council,https://coronamap.sa
Scotland,OWID_SCT,"Moderna, Oxford/AstraZeneca, Pfizer/BioNTech",2021-05-12,Government of the United Kingdom,https://coronavirus.data.gov.uk/details/healthcare
Senegal,SEN,Sinopharm/Beijing,2021-05-13,Ministry of Health,https://twitter.com/MinisteredelaS1/status/1392820039007494149
Serbia,SRB,"Oxford/AstraZeneca, Pfizer/BioNTech, Sinopharm/Beijing, Sputnik V",2021-05-12,Government of Serbia,https://vakcinacija.gov.rs/
Seychelles,SYC,"Oxford/AstraZeneca, Sinopharm/Beijing",2021-05-05,Extended Programme for Immunisation,https://www.facebook.com/mohseychellesofficial/photos/pcb.1740499749484482/1740499022817888
Sierra Leone,SLE,Oxford/AstraZeneca,2021-05-08,Ministry of Health and Sanitation,https://www.facebook.com/mohsict/photos/pcb.1387167548311054/1387167118311097/
Singapore,SGP,"Moderna, Pfizer/BioNTech",2021-05-10,Ministry of Health,https://www.moh.gov.sg/covid-19
Sint Maarten (Dutch part),SXM,"Moderna, Oxford/AstraZeneca, Pfizer/BioNTech",2021-05-07,World Health Organization,https://covid19.who.int/
Slovakia,SVK,Pfizer/BioNTech,2021-05-12,Ministry of Health,https://github.com/Institut-Zdravotnych-Analyz/covid19-data
Slovenia,SVN,"Oxford/AstraZeneca, Pfizer/BioNTech",2021-05-13,National Institute of Public Health via Sledilnik,https://covid-19.sledilnik.org/en/stats
Solomon Islands,SLB,Oxford/AstraZeneca,2021-05-11,SPC Public Health Division,https://stats.pacificdata.org/vis?tm=covid&pg=0&df[ds]=SPC2&df[id]=DF_COVID_VACCINATION&df[ag]=SPC&df[vs]=1.0
Somalia,SOM,"Oxford/AstraZeneca, Sinopharm/Beijing, Sinovac",2021-05-02,World Health Organization,https://covid19.who.int/
South Africa,ZAF,Johnson&Johnson,2021-05-13,Ministry of Health,https://sacoronavirus.co.za/
South Korea,KOR,"Oxford/AstraZeneca, Pfizer/BioNTech",2021-05-13,Korea Centers for Disease Control and Prevention,http://ncv.kdca.go.kr/
South Sudan,SSD,Oxford/AstraZeneca,2021-04-15,Government of South Sudan,https://africa.cgtn.com/2021/04/15/south-sudan-lifts-covid-19-restrictions-amid-fall-in-infections/
Spain,ESP,"Johnson&Johnson, Moderna, Oxford/AstraZeneca, Pfizer/BioNTech",2021-05-12,Ministry of Health,https://www.mscbs.gob.es/profesionales/saludPublica/ccayes/alertasActual/nCov/documentos/Informe_Comunicacion_20210513.ods
Sri Lanka,LKA,"Oxford/AstraZeneca, Sinopharm/Beijing",2021-05-13,Ministry of Health's Epidemiology Unit,https://www.epid.gov.lk/web/images/pdf/corona_virus_report/sitrep-sl-en-13-05_10_21.pdf
Sudan,SDN,Oxford/AstraZeneca,2021-04-23,Federal Ministry of Health,https://www.facebook.com/FMOH.SUDAN/posts/2880648948874731
Suriname,SUR,Oxford/AstraZeneca,2021-05-13,Government of Suriname,https://laatjevaccineren.sr/
Sweden,SWE,"Oxford/AstraZeneca, Pfizer/BioNTech",2021-05-12,Public Health Agency of Sweden,https://www.folkhalsomyndigheten.se/smittskydd-beredskap/utbrott/aktuella-utbrott/covid-19/vaccination-mot-covid-19/statistik/statistik-over-registrerade-vaccinationer-covid-19/
Switzerland,CHE,"Moderna, Pfizer/BioNTech",2021-05-09,Federal Office of Public Health,https://www.covid19.admin.ch/en/epidemiologic/vacc-doses?detGeo=CH
Syria,SYR,Sputnik V,2021-04-08,Ministry of Health,http://www.xinhuanet.com/english/africa/2021-04/08/c_139867196.htm
Taiwan,TWN,Oxford/AstraZeneca,2021-05-13,Taiwan Centers for Disease Control,https://www.cdc.gov.tw/Category/Page/9jFXNbCe-sFK9EImRRi2Og
Tajikistan,TJK,Oxford/AstraZeneca,2021-05-09,World Health Organization,https://covid19.who.int/
Thailand,THA,"Oxford/AstraZeneca, Sinovac",2021-05-13,Government of Thailand,https://ddc.moph.go.th/uploads/ckeditor2//files/Daily%20report%202021-05-14.pdf
Timor,TLS,Oxford/AstraZeneca,2021-05-03,World Health Organization,https://covid19.who.int/
Togo,TGO,Oxford/AstraZeneca,2021-04-17,Government of Togo,https://www.republicoftogo.com/Toutes-les-rubriques/Sante/La-vaccination-de-masse-va-commencer
Tonga,TON,Oxford/AstraZeneca,2021-05-11,SPC Public Health Division,https://stats.pacificdata.org/vis?tm=covid&pg=0&df[ds]=SPC2&df[id]=DF_COVID_VACCINATION&df[ag]=SPC&df[vs]=1.0
Trinidad and Tobago,TTO,Oxford/AstraZeneca,2021-05-13,Ministry of Health,https://experience.arcgis.com/experience/59226cacd2b441c7a939dca13f832112/
Tunisia,TUN,"Pfizer/BioNTech, Sinovac, Sputnik V",2021-05-10,Ministry of Health,https://www.facebook.com/santetunisie.rns.tn/posts/4119228124782927
Turkey,TUR,"Pfizer/BioNTech, Sinovac",2021-05-13,COVID-19 Vaccine Information Platform,https://covid19asi.saglik.gov.tr/
Turkmenistan,TKM,"EpiVacCorona, Oxford/AstraZeneca, Sinopharm/Beijing, Sputnik V",2021-04-04,World Health Organization,https://covid19.who.int/
Turks and Caicos Islands,TCA,Pfizer/BioNTech,2021-04-11,Ministry of Health,https://www.facebook.com/tcihealthpromotions/photos/1945783578924922
Tuvalu,TUV,Oxford/AstraZeneca,2021-04-27,SPC Public Health Division,https://stats.pacificdata.org/vis?tm=covid&pg=0&df[ds]=SPC2&df[id]=DF_COVID_VACCINATION&df[ag]=SPC&df[vs]=1.0
Uganda,UGA,Oxford/AstraZeneca,2021-05-11,Ministry of Health,https://twitter.com/MinofHealthUG/status/1392821072832208901
Ukraine,UKR,"Oxford/AstraZeneca, Pfizer/BioNTech, Sinovac",2021-05-13,Ministry of Health,https://vaccination.covid19.gov.ua/
United Arab Emirates,ARE,"Oxford/AstraZeneca, Pfizer/BioNTech, Sinopharm/Beijing, Sinopharm/Wuhan, Sputnik V",2021-05-13,National Emergency Crisis and Disaster Management Authority,http://covid19.ncema.gov.ae/en
United Kingdom,GBR,"Moderna, Oxford/AstraZeneca, Pfizer/BioNTech",2021-05-12,Government of the United Kingdom,https://coronavirus.data.gov.uk/details/healthcare
United States,USA,"Johnson&Johnson, Moderna, Pfizer/BioNTech",2021-05-13,Centers for Disease Control and Prevention,https://covid.cdc.gov/covid-data-tracker/#vaccinations
Uruguay,URY,"Oxford/AstraZeneca, Pfizer/BioNTech, Sinovac",2021-05-13,Ministry of Health,https://monitor.uruguaysevacuna.gub.uy/
Uzbekistan,UZB,Oxford/AstraZeneca,2021-05-11,Government of Uzbekistan,https://menafn.com/1102063291/Uzbekistan-reveals-number-of-vaccinated-people
Venezuela,VEN,Sputnik V,2021-04-12,Government of Venezuela,https://www.swissinfo.ch/spa/coronavirus-venezuela_la-vacunaci%C3%B3n-en-venezuela--entre-dudas-y-certezas/46524144
Vietnam,VNM,Oxford/AstraZeneca,2021-05-11,Government of Vietnam,https://ncov.moh.gov.vn/vi/web/guest/-/6847426-3370
Wales,OWID_WLS,"Moderna, Oxford/AstraZeneca, Pfizer/BioNTech",2021-05-12,Government of the United Kingdom,https://coronavirus.data.gov.uk/details/healthcare
Wallis and Futuna,WLF,Oxford/AstraZeneca,2021-05-11,SPC Public Health Division,https://stats.pacificdata.org/vis?tm=covid&pg=0&df[ds]=SPC2&df[id]=DF_COVID_VACCINATION&df[ag]=SPC&df[vs]=1.0
Yemen,YEM,Oxford/AstraZeneca,2021-05-09,World Health Organization,https://covid19.who.int/
Zambia,ZMB,Oxford/AstraZeneca,2021-05-12,Government of Zambia,https://www.facebook.com/mohzambia/photos/a.773733439467982/1906336672874314/
Zimbabwe,ZWE,Sinopharm/Beijing,2021-05-12,Ministry of Health,https://twitter.com/MoHCCZim/status/1392575941071839235
